1,AKIV
1,ONTL
1,TEQI
1,VOYF
1,WFLB
1,ZNUK
1,ZUKX
2,ACXC
2,FHGG
2,GILH
2,LKEC
2,MDLF
2,UVRA
3,DYNH
3,EHVR
3,PFQT
3,QLXP
3,UNWY
4,AZWW
4,BGVS
4,BVNL
4,IWMN
4,MDTV
4,PGGI
4,SVIK
4,UPQR
4,VHZK
5,BRKJ
5,HOZG
5,RTHQ
5,UZBK
6,BLZF
6,LSOP
6,MQMN
6,PFDA
6,QYGS
6,TAYA
6,TUSS
6,YBJB
6,ZLFC
7,HWBD
7,HXVN
7,JIQF
8,MCFG
8,UYFO
9,CNLJ
9,GQLV
9,SRZQ
9,WBHV
9,ZPJC
10,FSUD
10,GFTK
11,CFHH
11,IXDN
11,KRLH
11,MORP
11,QYJI
11,SFVP
11,VXFF
11,WWMB
11,ZKGJ
12,AERF
12,EATA
12,ENZU
12,FLNC
12,INLW
12,JNLA
12,QWOX
12,ULAE
12,ZSTS
13,CDBU
13,GZOB
13,HYQN
13,XPWE
14,AKSX
14,CSUV
14,FMQE
14,MIFF
14,QPXA
14,YBDU
15,EZFN
15,HBUK
15,MKDR
15,QDIC
15,RLQZ
15,VTXN
16,LEGJ
16,LJQF
16,NOTK
16,RQOO
16,XIAZ
17,ESWT
17,IWRM
17,ODNN
17,SNJN
17,VELI
18,IJCK
18,IJTU
19,LEID
20,CJSF
